{"is_source_file": true, "format": "md", "description": ".md file: README.md", "external_files": [], "external_methods": [], "published": [], "classes": [], "methods": [], "calls": [], "search-terms": ["README.md", "md"], "state": 2, "filename": "README.md", "format-version": 4, "code-base-name": "https://github.com/kavia-common/simple-todo-application-6993-7004.git:kavia-main", "knowledge_revision": 3, "git_revision": "68f45d6a910c0c726415d4a6d56cc1a2051cb6f0", "revision_history": [{"3": "68f45d6a910c0c726415d4a6d56cc1a2051cb6f0"}]}